<?xml version="1.0" encoding="UTF-8"?>
<beans xmlns="http://www.springframework.org/schema/beans" 
	xmlns:xsi="http://www.w3.org/2001/XMLSchema-instance"
	xmlns:context="http://www.springframework.org/schema/context" 
	xmlns:jdbc="http://www.springframework.org/schema/jdbc"  
	xmlns:jee="http://www.springframework.org/schema/jee" 
	xmlns:tx="http://www.springframework.org/schema/tx"
	xmlns:aop="http://www.springframework.org/schema/aop" 
	xmlns:mvc="http://www.springframework.org/schema/mvc"
	xmlns:util="http://www.springframework.org/schema/util"
	xmlns:jpa="http://www.springframework.org/schema/data/jpa"
	xsi:schemaLocation="
		http://www.springframework.org/schema/beans http://www.springframework.org/schema/beans/spring-beans-3.2.xsd
		http://www.springframework.org/schema/context http://www.springframework.org/schema/context/spring-context-3.2.xsd
		http://www.springframework.org/schema/jdbc http://www.springframework.org/schema/jdbc/spring-jdbc-3.2.xsd
		http://www.springframework.org/schema/jee http://www.springframework.org/schema/jee/spring-jee-3.2.xsd
		http://www.springframework.org/schema/tx http://www.springframework.org/schema/tx/spring-tx-3.2.xsd
		http://www.springframework.org/schema/data/jpa http://www.springframework.org/schema/data/jpa/spring-jpa-1.3.xsd
		http://www.springframework.org/schema/aop http://www.springframework.org/schema/aop/spring-aop-3.2.xsd
		http://www.springframework.org/schema/mvc http://www.springframework.org/schema/mvc/spring-mvc-3.2.xsd
		http://www.springframework.org/schema/util http://www.springframework.org/schema/util/spring-util-3.2.xsd">
	
	<!-- (a) 类中存在无参数的构造方法 -->
	<!-- id:当从Spring容器中获取该对象时使用的名称 -->
	<!-- class:需要创建的类 -->
	<bean id="date" class="java.util.Date"></bean>
	
	<!-- (b) 类中存在静态工厂方法 -->
	<!-- factory-method:工厂方法的名称 -->
	<bean id="calendar" 
		class="java.util.Calendar"
		factory-method="getInstance">
	</bean>
	
	<!-- (c) 存在实例工厂方法 -->
	<!-- factory-bean:配置为工厂类的bean-id -->
	<bean id="phoneFactory" 
		class="cn.tedu.spring.PhoneFactory">
	</bean>
	<bean id="phone"
		class="cn.tedu.spring.Phone"
		factory-bean="phoneFactory"
		factory-method="newInstance">
	</bean>
	
	<!-- scope:是否单例，取值为singleton(默认，单例)或prototype(非单例) -->
	<!-- lazy-init：是否懒加载，取值为true或false(默认) -->
	<!-- init-method：初始化方法的名称 -->
	<!-- destroy-method：销毁方法的名称 -->
	<bean id="user" 
		class="cn.tedu.spring.User"
		lazy-init="false"
		scope="singleton"
		init-method="init"
		destroy-method="destroy">
		<!-- name:为哪个属性注入值 -->
		<!-- value:注入的值 -->
		<property name="name" value="Java"></property>
		<property name="from" value="Beijing"></property>
	</bean>
	
</beans>












