<?xml version="1.0" encoding="UTF-8"?>
<beans xmlns="http://www.springframework.org/schema/beans" 
	xmlns:xsi="http://www.w3.org/2001/XMLSchema-instance"
	xmlns:context="http://www.springframework.org/schema/context" 
	xmlns:jdbc="http://www.springframework.org/schema/jdbc"  
	xmlns:jee="http://www.springframework.org/schema/jee" 
	xmlns:tx="http://www.springframework.org/schema/tx"
	xmlns:aop="http://www.springframework.org/schema/aop" 
	xmlns:mvc="http://www.springframework.org/schema/mvc"
	xmlns:util="http://www.springframework.org/schema/util"
	xmlns:jpa="http://www.springframework.org/schema/data/jpa"
	xsi:schemaLocation="
		http://www.springframework.org/schema/beans http://www.springframework.org/schema/beans/spring-beans-3.2.xsd
		http://www.springframework.org/schema/context http://www.springframework.org/schema/context/spring-context-3.2.xsd
		http://www.springframework.org/schema/jdbc http://www.springframework.org/schema/jdbc/spring-jdbc-3.2.xsd
		http://www.springframework.org/schema/jee http://www.springframework.org/schema/jee/spring-jee-3.2.xsd
		http://www.springframework.org/schema/tx http://www.springframework.org/schema/tx/spring-tx-3.2.xsd
		http://www.springframework.org/schema/data/jpa http://www.springframework.org/schema/data/jpa/spring-jpa-1.3.xsd
		http://www.springframework.org/schema/aop http://www.springframework.org/schema/aop/spring-aop-3.2.xsd
		http://www.springframework.org/schema/mvc http://www.springframework.org/schema/mvc/spring-mvc-3.2.xsd
		http://www.springframework.org/schema/util http://www.springframework.org/schema/util/spring-util-3.2.xsd">
	
	<!-- 通过SET方式注入基本值 -->
	<bean id="userDao" class="cn.tedu.spring.UserDao">
		<property name="url" 
			value="jdbc:mysql://..." />
		<property name="driver" 
			value="com.mysql.jdbc.Driver" />
	</bean>
	
	<!-- 通过SET方式注入引用值 -->
	<bean id="userServlet" class="cn.tedu.spring.UserServlet">
		<property name="userDao" ref="userDao" />
	</bean>
	
	<!-- 通过构造方法注入属性值 -->
	<bean id="adminDao" class="cn.tedu.spring.AdminDao">
		<!-- index：参数的序号，即第几个参数 -->
		<constructor-arg index="0" 
			value="jdbc:mysql://..." />
	</bean>
	
	<!-- 通过构造方法注入多个属性值 -->
	<bean id="adminServlet" class="cn.tedu.spring.AdminServlet">
		<constructor-arg index="0"
			value="处理管理员请求的类" />
		<constructor-arg index="1"
			ref="adminDao" />
	</bean>
	
	<!-- 注入集合类型的值 -->
	<bean id="sampleBean" class="cn.tedu.spring.SampleBean">
		<!-- 注入List类型的值：Frank, Andy, Lucy, Kate -->
		<property name="names">
			<list>
				<value>Frank</value>
				<value>Andy</value>
				<value>Lucy</value>
				<value>Kate</value>
			</list>
		</property>
		<!-- 注入Set类型的值：Beijing, Shanghai, Guangzhou, Shenzhen -->
		<property name="cities">
			<set>
				<value>Beijing</value>
				<value>Shanghai</value>
				<value>Guangzhou</value>
				<value>Shenzhen</value>
			</set>
		</property>
		<!-- 注入数组类型的值：{ 9, 5, 2, 7 } -->
		<property name="numbers">
			<array>
				<value>9</value>
				<value>5</value>
				<value>2</value>
				<value>7</value>
			</array>
		</property>
		<!-- 注入Map类型的值：username=root, password=1234, from=Hangzhou, age=26 -->
		<property name="session">
			<map>
				<entry key="username" value="root" />
				<entry key="password" value="1234" />
				<entry key="from" value="Hangzhou" />
				<entry key="age" value="26" />
			</map>
		</property>
		<!-- 注入Properties类型的值 -->
		<property name="config" ref="config" />
	</bean>
	
	<util:properties id="config"
		location="classpath:db.properties" />
	
	<!-- 使用Spring表达式 -->
	<bean id="valueBean" class="cn.tedu.spring.ValueBean">
		<!-- 值是SampleBean中的names中的第2个 -->
		<property name="name"
			value="#{sampleBean.names[1]}" />
		<!-- 值是SampleBean中的numbers中的第3个 -->
		<property name="number"
			value="#{sampleBean.numbers[2]}" />
		<!-- 值是SampleBean中的cities中的"Guangzhou" -->
		<property name="city"
			value="#{sampleBean.cities[2]}" />
		<!-- 值是SampleBean中的session中password的值 -->
		<property name="password"
			value="#{sampleBean.session['password']}" />
	</bean>
	
	<!-- 自动装配 -->
	<bean id="studentDao"
		class="cn.tedu.spring.StudentDao" />
	<bean id="studentDao2"
		class="cn.tedu.spring.StudentDao2" />
	<bean id="studentServlet" 
		class="cn.tedu.spring.StudentServlet"
		autowire="byName">
	</bean>
	
</beans>












